rank,account_name,website,buyer_role,niche,validation_question,proof_asset,proof_to_show,email_subject,email_body,linkedin_message,demo_opener,call_status,call_date,buyer_name_or_redacted_id,proof_shown,objection,next_action,willingness_to_pay_signal,pilot_case_unit,baseline_measure,baseline_value_or_current_workflow,target_outcome_measure,pilot_outcome_value_or_expected_delta,quality_measure,quality_signal,buyer_decision_event,outcome_evidence_notes,security_or_procurement_blocker,accuracy_or_benchmark_blocker,evidence_quality,validation_status
1,GAO Center for Strategic Foresight,https://www.gao.gov/about/what-gao-does/audit-role/csf/,Strategic foresight director or federal program-analysis lead,Enterprise/public-sector strategic decision intelligence,Would a governed evidence-to-forecast workflow improve federal trend-analysis or audit-planning exercises?,Console to strategist brief to human-review and forecast-draft handoff.,Console to strategist brief to human-review and forecast-draft handoff.; commercial-confidence-gate-2026-06-06.md; commercial-launch-readiness-2026-06-06.md; rls-identity-and-review-policy-draft-2026-06-06.md; buyer-validation-targets-2026-06-06.md,Relevance check: Enterprise/public-sector strategic decision intelligence,"Hi - I am validating a narrow guided pilot for Strategic foresight director or federal program-analysis lead.

The pain we are testing: Would a governed evidence-to-forecast workflow improve federal trend-analysis or audit-planning exercises?

The current proof asset is Console to strategist brief to human-review and forecast-draft handoff. It is explicitly pilot-only: no world-class prediction claim, no buyer-proof claim, and accuracy remains gated on resolved outcomes.

Could I get 20 minutes for a relevance check? The only goal is to learn whether this workflow fits a real decision process, what proof is missing, and whether a paid pilot or internal follow-up would ever be credible.

If this is not your area, a pointer to the right foresight, risk, forecasting, or strategy-workflow owner would be useful.","I am validating a pilot for enterprise/public-sector strategic decision intelligence. The workflow turns source evidence into actor reasoning, review state, and forecast-draft governance for Strategic foresight director or federal program-analysis lead. Would you be open to a 15-20 minute relevance check? I am looking for objections and proof requirements, not making a production-readiness claim.","For GAO Center for Strategic Foresight, I would not position this as a prediction oracle. The workflow starts with one ambiguous decision, builds console to strategist brief to human-review and forecast-draft handoff, flags review/uncertainty gates, and ends with what evidence would make the forecast scoreable. The ask for this call is whether that workflow maps to a real job-to-be-done, what would block adoption, and whether the next step is a second review, paid pilot discussion, or no fit.",not_contacted,,,,,,,"one high-stakes strategy, policy, geopolitical, supplier, or operational-risk question",current hours from source pack or analyst intake to buyer-reviewed decision brief,,"pilot hours from source pack to evidence-linked brief with actor reasoning, countermoves, review state, and forecast-draft handoff",,"buyer reviewer rates evidence coverage, assumption clarity, option clarity, and next-action usefulness against the current workflow",,"internal follow-up, paid pilot discussion, LOI/procurement path, or no-fit decision",,,,,not_contacted_not_buyer_proof
2,UK Government Office for Science Futures and Foresight,https://www.gov.uk/government/groups/futures-and-foresight,"Futures, foresight, or horizon-scanning team lead",Enterprise/public-sector strategic decision intelligence,Could this pilot accelerate a cross-cutting futures workshop without weakening evidence quality?,Actor/countermove brief plus review state and forecast-governance caveats.,Actor/countermove brief plus review state and forecast-governance caveats.; commercial-confidence-gate-2026-06-06.md; commercial-launch-readiness-2026-06-06.md; rls-identity-and-review-policy-draft-2026-06-06.md; buyer-validation-targets-2026-06-06.md,Relevance check: Enterprise/public-sector strategic decision intelligence,"Hi - I am validating a narrow guided pilot for Futures, foresight, or horizon-scanning team lead.

The pain we are testing: Could this pilot accelerate a cross-cutting futures workshop without weakening evidence quality?

The current proof asset is Actor/countermove brief plus review state and forecast-governance caveats. It is explicitly pilot-only: no world-class prediction claim, no buyer-proof claim, and accuracy remains gated on resolved outcomes.

Could I get 20 minutes for a relevance check? The only goal is to learn whether this workflow fits a real decision process, what proof is missing, and whether a paid pilot or internal follow-up would ever be credible.

If this is not your area, a pointer to the right foresight, risk, forecasting, or strategy-workflow owner would be useful.","I am validating a pilot for enterprise/public-sector strategic decision intelligence. The workflow turns source evidence into actor reasoning, review state, and forecast-draft governance for Futures, foresight, or horizon-scanning team lead. Would you be open to a 15-20 minute relevance check? I am looking for objections and proof requirements, not making a production-readiness claim.","For UK Government Office for Science Futures and Foresight, I would not position this as a prediction oracle. The workflow starts with one ambiguous decision, builds actor/countermove brief plus review state and forecast-governance caveats, flags review/uncertainty gates, and ends with what evidence would make the forecast scoreable. The ask for this call is whether that workflow maps to a real job-to-be-done, what would block adoption, and whether the next step is a second review, paid pilot discussion, or no fit.",not_contacted,,,,,,,"one high-stakes strategy, policy, geopolitical, supplier, or operational-risk question",current hours from source pack or analyst intake to buyer-reviewed decision brief,,"pilot hours from source pack to evidence-linked brief with actor reasoning, countermoves, review state, and forecast-draft handoff",,"buyer reviewer rates evidence coverage, assumption clarity, option clarity, and next-action usefulness against the current workflow",,"internal follow-up, paid pilot discussion, LOI/procurement path, or no-fit decision",,,,,not_contacted_not_buyer_proof
3,OECD Strategic Foresight Unit / Government Foresight Community,https://www.oecd.org/strategic-foresight/,Strategic foresight unit lead or GFC program contact,Enterprise/public-sector strategic decision intelligence,"Which evidence, capability, and feedback-loop requirements would make this credible for government foresight practitioners?",Public-sector scenario brief with transparent uncertainty and policy trade-off questions.,Public-sector scenario brief with transparent uncertainty and policy trade-off questions.; commercial-confidence-gate-2026-06-06.md; commercial-launch-readiness-2026-06-06.md; rls-identity-and-review-policy-draft-2026-06-06.md; buyer-validation-targets-2026-06-06.md,Relevance check: Enterprise/public-sector strategic decision intelligence,"Hi - I am validating a narrow guided pilot for Strategic foresight unit lead or GFC program contact.

The pain we are testing: Which evidence, capability, and feedback-loop requirements would make this credible for government foresight practitioners?

The current proof asset is Public-sector scenario brief with transparent uncertainty and policy trade-off questions. It is explicitly pilot-only: no world-class prediction claim, no buyer-proof claim, and accuracy remains gated on resolved outcomes.

Could I get 20 minutes for a relevance check? The only goal is to learn whether this workflow fits a real decision process, what proof is missing, and whether a paid pilot or internal follow-up would ever be credible.

If this is not your area, a pointer to the right foresight, risk, forecasting, or strategy-workflow owner would be useful.","I am validating a pilot for enterprise/public-sector strategic decision intelligence. The workflow turns source evidence into actor reasoning, review state, and forecast-draft governance for Strategic foresight unit lead or GFC program contact. Would you be open to a 15-20 minute relevance check? I am looking for objections and proof requirements, not making a production-readiness claim.","For OECD Strategic Foresight Unit / Government Foresight Community, I would not position this as a prediction oracle. The workflow starts with one ambiguous decision, builds public-sector scenario brief with transparent uncertainty and policy trade-off questions, flags review/uncertainty gates, and ends with what evidence would make the forecast scoreable. The ask for this call is whether that workflow maps to a real job-to-be-done, what would block adoption, and whether the next step is a second review, paid pilot discussion, or no fit.",not_contacted,,,,,,,"one high-stakes strategy, policy, geopolitical, supplier, or operational-risk question",current hours from source pack or analyst intake to buyer-reviewed decision brief,,"pilot hours from source pack to evidence-linked brief with actor reasoning, countermoves, review state, and forecast-draft handoff",,"buyer reviewer rates evidence coverage, assumption clarity, option clarity, and next-action usefulness against the current workflow",,"internal follow-up, paid pilot discussion, LOI/procurement path, or no-fit decision",,,,,not_contacted_not_buyer_proof
4,Policy Horizons Canada,https://horizons.service.canada.ca/en/home/index.shtml,Foresight analyst or policy innovation lead,Enterprise/public-sector strategic decision intelligence,Would the workflow help structure a foresight brief from sources into scoreable assumptions?,Evidence bundle and audience-specific briefing for a policy uncertainty.,Evidence bundle and audience-specific briefing for a policy uncertainty.; commercial-confidence-gate-2026-06-06.md; commercial-launch-readiness-2026-06-06.md; rls-identity-and-review-policy-draft-2026-06-06.md; buyer-validation-targets-2026-06-06.md,Relevance check: Enterprise/public-sector strategic decision intelligence,"Hi - I am validating a narrow guided pilot for Foresight analyst or policy innovation lead.

The pain we are testing: Would the workflow help structure a foresight brief from sources into scoreable assumptions?

The current proof asset is Evidence bundle and audience-specific briefing for a policy uncertainty. It is explicitly pilot-only: no world-class prediction claim, no buyer-proof claim, and accuracy remains gated on resolved outcomes.

Could I get 20 minutes for a relevance check? The only goal is to learn whether this workflow fits a real decision process, what proof is missing, and whether a paid pilot or internal follow-up would ever be credible.

If this is not your area, a pointer to the right foresight, risk, forecasting, or strategy-workflow owner would be useful.","I am validating a pilot for enterprise/public-sector strategic decision intelligence. The workflow turns source evidence into actor reasoning, review state, and forecast-draft governance for Foresight analyst or policy innovation lead. Would you be open to a 15-20 minute relevance check? I am looking for objections and proof requirements, not making a production-readiness claim.","For Policy Horizons Canada, I would not position this as a prediction oracle. The workflow starts with one ambiguous decision, builds evidence bundle and audience-specific briefing for a policy uncertainty, flags review/uncertainty gates, and ends with what evidence would make the forecast scoreable. The ask for this call is whether that workflow maps to a real job-to-be-done, what would block adoption, and whether the next step is a second review, paid pilot discussion, or no fit.",not_contacted,,,,,,,"one high-stakes strategy, policy, geopolitical, supplier, or operational-risk question",current hours from source pack or analyst intake to buyer-reviewed decision brief,,"pilot hours from source pack to evidence-linked brief with actor reasoning, countermoves, review state, and forecast-draft handoff",,"buyer reviewer rates evidence coverage, assumption clarity, option clarity, and next-action usefulness against the current workflow",,"internal follow-up, paid pilot discussion, LOI/procurement path, or no-fit decision",,,,,not_contacted_not_buyer_proof
5,Atlantic Council GeoStrategy Initiative,https://www.atlanticcouncil.org/our-programs/foresight-strategy-and-risks-initiative/,"Foresight, strategy, or program lead",Executive and analyst briefing layer,Would the product reduce time from source pack to scenario memo while preserving analyst review?,Analyst briefing layer plus forecast-draft governance for a Global Foresight scenario.,Analyst briefing layer plus forecast-draft governance for a Global Foresight scenario.; commercial-confidence-gate-2026-06-06.md; commercial-launch-readiness-2026-06-06.md; rls-identity-and-review-policy-draft-2026-06-06.md; buyer-validation-targets-2026-06-06.md,Relevance check: Executive and analyst briefing layer,"Hi - I am validating a narrow guided pilot for Foresight, strategy, or program lead.

The pain we are testing: Would the product reduce time from source pack to scenario memo while preserving analyst review?

The current proof asset is Analyst briefing layer plus forecast-draft governance for a Global Foresight scenario. It is explicitly pilot-only: no world-class prediction claim, no buyer-proof claim, and accuracy remains gated on resolved outcomes.

Could I get 20 minutes for a relevance check? The only goal is to learn whether this workflow fits a real decision process, what proof is missing, and whether a paid pilot or internal follow-up would ever be credible.

If this is not your area, a pointer to the right foresight, risk, forecasting, or strategy-workflow owner would be useful.","I am validating a pilot for executive and analyst briefing layer. The workflow turns source evidence into actor reasoning, review state, and forecast-draft governance for Foresight, strategy, or program lead. Would you be open to a 15-20 minute relevance check? I am looking for objections and proof requirements, not making a production-readiness claim.","For Atlantic Council GeoStrategy Initiative, I would not position this as a prediction oracle. The workflow starts with one ambiguous decision, builds analyst briefing layer plus forecast-draft governance for a global foresight scenario, flags review/uncertainty gates, and ends with what evidence would make the forecast scoreable. The ask for this call is whether that workflow maps to a real job-to-be-done, what would block adoption, and whether the next step is a second review, paid pilot discussion, or no fit.",not_contacted,,,,,,,one executive or analyst decision brief generated from the same reviewed evidence bundle,current number of review cycles or hours from analyst draft to executive-ready brief,,"pilot review cycles or hours from evidence bundle to executive-ready brief with assumptions, options, and decision asks preserved",,"executive clarity rating, analyst correction count, and governance reviewer signoff status",,"buyer approves internal follow-up, asks for governance changes, or rejects the briefing format",,,,,not_contacted_not_buyer_proof
6,CSIS Futures Lab,https://www.csis.org/programs/futures-lab?f%5B0%5D=topics%3A845,Futures Lab or computational social science lead,Executive and analyst briefing layer,Where would the workflow need stronger empirical rigor before it could support policy analysis?,Game-tree or countermove reasoning path with analyst review and forecast handoff.,Game-tree or countermove reasoning path with analyst review and forecast handoff.; commercial-confidence-gate-2026-06-06.md; commercial-launch-readiness-2026-06-06.md; rls-identity-and-review-policy-draft-2026-06-06.md; buyer-validation-targets-2026-06-06.md,Relevance check: Executive and analyst briefing layer,"Hi - I am validating a narrow guided pilot for Futures Lab or computational social science lead.

The pain we are testing: Where would the workflow need stronger empirical rigor before it could support policy analysis?

The current proof asset is Game-tree or countermove reasoning path with analyst review and forecast handoff. It is explicitly pilot-only: no world-class prediction claim, no buyer-proof claim, and accuracy remains gated on resolved outcomes.

Could I get 20 minutes for a relevance check? The only goal is to learn whether this workflow fits a real decision process, what proof is missing, and whether a paid pilot or internal follow-up would ever be credible.

If this is not your area, a pointer to the right foresight, risk, forecasting, or strategy-workflow owner would be useful.","I am validating a pilot for executive and analyst briefing layer. The workflow turns source evidence into actor reasoning, review state, and forecast-draft governance for Futures Lab or computational social science lead. Would you be open to a 15-20 minute relevance check? I am looking for objections and proof requirements, not making a production-readiness claim.","For CSIS Futures Lab, I would not position this as a prediction oracle. The workflow starts with one ambiguous decision, builds game-tree or countermove reasoning path with analyst review and forecast handoff, flags review/uncertainty gates, and ends with what evidence would make the forecast scoreable. The ask for this call is whether that workflow maps to a real job-to-be-done, what would block adoption, and whether the next step is a second review, paid pilot discussion, or no fit.",not_contacted,,,,,,,one executive or analyst decision brief generated from the same reviewed evidence bundle,current number of review cycles or hours from analyst draft to executive-ready brief,,"pilot review cycles or hours from evidence bundle to executive-ready brief with assumptions, options, and decision asks preserved",,"executive clarity rating, analyst correction count, and governance reviewer signoff status",,"buyer approves internal follow-up, asks for governance changes, or rejects the briefing format",,,,,not_contacted_not_buyer_proof
7,World Economic Forum Strategic Intelligence,https://www.weforum.org/focus/strategic-intelligence/,Strategic Intelligence partnerships or content lead,Enterprise/public-sector strategic decision intelligence,Is the governed forecast handoff a complementary layer to strategic-intelligence maps?,"Differentiated layer: evidence-to-actor-reasoning-to-forecast draft, not trend-map replacement.","Differentiated layer: evidence-to-actor-reasoning-to-forecast draft, not trend-map replacement.; commercial-confidence-gate-2026-06-06.md; commercial-launch-readiness-2026-06-06.md; rls-identity-and-review-policy-draft-2026-06-06.md; buyer-validation-targets-2026-06-06.md",Relevance check: Enterprise/public-sector strategic decision intelligence,"Hi - I am validating a narrow guided pilot for Strategic Intelligence partnerships or content lead.

The pain we are testing: Is the governed forecast handoff a complementary layer to strategic-intelligence maps?

The current proof asset is Differentiated layer: evidence-to-actor-reasoning-to-forecast draft, not trend-map replacement. It is explicitly pilot-only: no world-class prediction claim, no buyer-proof claim, and accuracy remains gated on resolved outcomes.

Could I get 20 minutes for a relevance check? The only goal is to learn whether this workflow fits a real decision process, what proof is missing, and whether a paid pilot or internal follow-up would ever be credible.

If this is not your area, a pointer to the right foresight, risk, forecasting, or strategy-workflow owner would be useful.","I am validating a pilot for enterprise/public-sector strategic decision intelligence. The workflow turns source evidence into actor reasoning, review state, and forecast-draft governance for Strategic Intelligence partnerships or content lead. Would you be open to a 15-20 minute relevance check? I am looking for objections and proof requirements, not making a production-readiness claim.","For World Economic Forum Strategic Intelligence, I would not position this as a prediction oracle. The workflow starts with one ambiguous decision, builds differentiated layer: evidence-to-actor-reasoning-to-forecast draft, not trend-map replacement, flags review/uncertainty gates, and ends with what evidence would make the forecast scoreable. The ask for this call is whether that workflow maps to a real job-to-be-done, what would block adoption, and whether the next step is a second review, paid pilot discussion, or no fit.",not_contacted,,,,,,,"one high-stakes strategy, policy, geopolitical, supplier, or operational-risk question",current hours from source pack or analyst intake to buyer-reviewed decision brief,,"pilot hours from source pack to evidence-linked brief with actor reasoning, countermoves, review state, and forecast-draft handoff",,"buyer reviewer rates evidence coverage, assumption clarity, option clarity, and next-action usefulness against the current workflow",,"internal follow-up, paid pilot discussion, LOI/procurement path, or no-fit decision",,,,,not_contacted_not_buyer_proof
8,World Economic Forum Global Risks Initiative,https://initiatives.weforum.org/global-risks/home,"Global risks program, community, or report team",Geopolitical risk radar and scenario monitor,What proof would make this useful for risk survey follow-up or scenario workshop prep?,"Global-risk issue brief with source provenance, actor map, and forecast-draft scoring plan.","Global-risk issue brief with source provenance, actor map, and forecast-draft scoring plan.; commercial-confidence-gate-2026-06-06.md; commercial-launch-readiness-2026-06-06.md; buyer-validation-targets-2026-06-06.md",Relevance check: Geopolitical risk radar and scenario monitor,"Hi - I am validating a narrow guided pilot for Global risks program, community, or report team.

The pain we are testing: What proof would make this useful for risk survey follow-up or scenario workshop prep?

The current proof asset is Global-risk issue brief with source provenance, actor map, and forecast-draft scoring plan. It is explicitly pilot-only: no world-class prediction claim, no buyer-proof claim, and accuracy remains gated on resolved outcomes.

Could I get 20 minutes for a relevance check? The only goal is to learn whether this workflow fits a real decision process, what proof is missing, and whether a paid pilot or internal follow-up would ever be credible.

If this is not your area, a pointer to the right foresight, risk, forecasting, or strategy-workflow owner would be useful.","I am validating a pilot for geopolitical risk radar and scenario monitor. The workflow turns source evidence into actor reasoning, review state, and forecast-draft governance for Global risks program, community, or report team. Would you be open to a 15-20 minute relevance check? I am looking for objections and proof requirements, not making a production-readiness claim.","For World Economic Forum Global Risks Initiative, I would not position this as a prediction oracle. The workflow starts with one ambiguous decision, builds global-risk issue brief with source provenance, actor map, and forecast-draft scoring plan, flags review/uncertainty gates, and ends with what evidence would make the forecast scoreable. The ask for this call is whether that workflow maps to a real job-to-be-done, what would block adoption, and whether the next step is a second review, paid pilot discussion, or no fit.",not_contacted,,,,,,,one live or buyer-approved geopolitical risk signal converted into scenario and decision prompts,current time from external signal detection to scenario brief and stakeholder action recommendation,,"pilot time from source signal to actor-aware scenario, countermeasure prompt, provenance label, and review decision",,"source freshness, provenance completeness, actionability, and false-positive/escalation review",,"buyer asks for monitoring follow-up, rejects freshness/provenance, or requests hosted proof before continuing",,,,,not_contacted_not_buyer_proof
13,Metaculus FutureEval,https://www.metaculus.com/futureeval/,Forecasting evaluation or services lead,Governed forecasting and research workflow,What comparable baseline protocol would be acceptable before accuracy claims?,"Calibration ledger plus benchmark-comparison artifact, clearly marked sample-only until real data exists.","Calibration ledger plus benchmark-comparison artifact, clearly marked sample-only until real data exists.; commercial-confidence-gate-2026-06-06.md; commercial-launch-readiness-2026-06-06.md; resolved-forecast-calibration-ledger-2026-06-06.json; forecast-benchmark-comparison-2026-06-06.json",Relevance check: Governed forecasting and research workflow,"Hi - I am validating a narrow guided pilot for Forecasting evaluation or services lead.

The pain we are testing: What comparable baseline protocol would be acceptable before accuracy claims?

The current proof asset is Calibration ledger plus benchmark-comparison artifact, clearly marked sample-only until real data exists. It is explicitly pilot-only: no world-class prediction claim, no buyer-proof claim, and accuracy remains gated on resolved outcomes.

Could I get 20 minutes for a relevance check? The only goal is to learn whether this workflow fits a real decision process, what proof is missing, and whether a paid pilot or internal follow-up would ever be credible.

If this is not your area, a pointer to the right foresight, risk, forecasting, or strategy-workflow owner would be useful.","I am validating a pilot for governed forecasting and research workflow. The workflow turns source evidence into actor reasoning, review state, and forecast-draft governance for Forecasting evaluation or services lead. Would you be open to a 15-20 minute relevance check? I am looking for objections and proof requirements, not making a production-readiness claim.","For Metaculus FutureEval, I would not position this as a prediction oracle. The workflow starts with one ambiguous decision, builds calibration ledger plus benchmark-comparison artifact, clearly marked sample-only until real data exists, flags review/uncertainty gates, and ends with what evidence would make the forecast scoreable. The ask for this call is whether that workflow maps to a real job-to-be-done, what would block adoption, and whether the next step is a second review, paid pilot discussion, or no fit.",not_contacted,,,,,,,one scoreable forecast question or research question that can become a forecast,"current forecast or decision-confidence baseline with source, timestamp, probability method, and resolution criteria",,"complete pre-resolution forecast packet with evidence cutoff, human review, comparable baseline, and planned Brier/log scoring",,"forecastability, leakage risk, baseline comparability, and reviewer approval status",,"buyer accepts the scoring protocol, supplies baseline rows, requests paid scoring pilot, or rejects the protocol",,,,,not_contacted_not_buyer_proof
20,Michigan Ross Executive Education strategic decision-making program,https://michiganross.umich.edu/sites/default/files/media/documents/2025/07/Michigan%20Ross%20Strategic%20Decision%20Making_07142025.pdf,Executive education program director or corporate learning lead,Negotiation and strategic reasoning training,Would an applied AI decision-workshop module be valuable if claims stay training-focused rather than predictive?,Negotiation Dojo and game-tree module with manager-ready debriefs.,Negotiation Dojo and game-tree module with manager-ready debriefs.; commercial-confidence-gate-2026-06-06.md; commercial-launch-readiness-2026-06-06.md; buyer-validation-targets-2026-06-06.md,Relevance check: Negotiation and strategic reasoning training,"Hi - I am validating a narrow guided pilot for Executive education program director or corporate learning lead.

The pain we are testing: Would an applied AI decision-workshop module be valuable if claims stay training-focused rather than predictive?

The current proof asset is Negotiation Dojo and game-tree module with manager-ready debriefs. It is explicitly pilot-only: no world-class prediction claim, no buyer-proof claim, and accuracy remains gated on resolved outcomes.

Could I get 20 minutes for a relevance check? The only goal is to learn whether this workflow fits a real decision process, what proof is missing, and whether a paid pilot or internal follow-up would ever be credible.

If this is not your area, a pointer to the right foresight, risk, forecasting, or strategy-workflow owner would be useful.","I am validating a pilot for negotiation and strategic reasoning training. The workflow turns source evidence into actor reasoning, review state, and forecast-draft governance for Executive education program director or corporate learning lead. Would you be open to a 15-20 minute relevance check? I am looking for objections and proof requirements, not making a production-readiness claim.","For Michigan Ross Executive Education strategic decision-making program, I would not position this as a prediction oracle. The workflow starts with one ambiguous decision, builds negotiation dojo and game-tree module with manager-ready debriefs, flags review/uncertainty gates, and ends with what evidence would make the forecast scoreable. The ask for this call is whether that workflow maps to a real job-to-be-done, what would block adoption, and whether the next step is a second review, paid pilot discussion, or no fit.",not_contacted,,,,,,,"one cohort exercise using negotiation, game tree, or forecasting discipline on an applied organizational case","pre-exercise rubric score for structured reasoning, assumption testing, and decision communication",,post-exercise rubric score plus debrief quality and transfer-to-work signal,,"rubric delta, facilitator notes, learner self-assessment, and buyer manager relevance rating",,"cohort follow-up, paid training pilot discussion, curriculum revision request, or no fit",,,,,not_contacted_not_buyer_proof
