rank,segment,target_roles,primary_niche,buyer_pain,trigger,current_workaround,repo_proof_to_show,prelaunch_offer,outreach_angle,willingness_signal,confidence,source_urls
1,"Corporate strategy, geopolitical risk, and CEO-office teams at global companies","Chief Strategy Officer, head of geopolitical risk, enterprise risk strategy lead",Enterprise/public-sector strategic decision intelligence,"Geopolitical signals are visible, but they are not translated into quantified decisions, countermoves, and reviewable forecast drafts.","Board asks for scenario options after trade, conflict, supply-chain, or policy shocks.","Consulting brief, manual analyst memo, news dashboard, or spreadsheet scenario model.","Strategy Console, Corporate War Room, human review, forecast governance, commercial confidence gate.","Two-week guided pilot: convert one live strategic question into evidence bundle, actor/countermove map, and pre-resolution forecast register.",Your team likely has more geopolitical information than decision bandwidth; we are testing a governed workflow that turns one uncertainty into an auditable decision brief.,"Budget exists for strategy consulting, risk intelligence, and executive decision support.",5,https://www.bcg.com/publications/2026/crisis-reaction-to-strategic-geopolitical-response; https://www.nist.gov/itl/ai-risk-management-framework
2,Corporate treasury and finance risk teams,"Treasurer, assistant treasurer, finance transformation lead, liquidity risk lead",Geopolitical risk radar and scenario monitor,"Geopolitical shocks affect liquidity, funding, FX, and cash allocation, but treasury teams need faster scenario translation.","Rising geopolitical concern, defensive liquidity posture, AI adoption in treasury workflows.","Bank research, treasury portals, liquidity dashboards, and manual scenario packs.","GeopoliticalDashboard, market/risk feed smoke plans, evidence-to-brief workflow, forecast pre-resolution capture kit.",One treasury scenario pilot: turn a geopolitical trigger into liquidity/risk decision options and forecastable assumptions.,We are testing whether treasury teams want a faster path from geopolitical event to decision-ready scenario and review trail.,"Paid treasury tooling, banking relationships, and urgent volatility management.",5,https://www.businesswire.com/news/home/20260416122640/en/Geopolitical-Risk-Concerns-Surge-for-Corporate-Treasurers-According-to-2026-Tradeweb-ICD-Portal-Client-Survey; https://www.bcg.com/publications/2026/crisis-reaction-to-strategic-geopolitical-response
3,"Public-sector foresight, policy planning, and horizon-scanning units","Strategic foresight director, policy innovation lead, horizon scanning program lead",Enterprise/public-sector strategic decision intelligence,"Foresight teams need transparent uncertainty, cross-impact reasoning, and policy trade-off documentation without black-box predictions.",Public agencies need explainable scenario planning under AI governance and procurement scrutiny.,"Workshops, consultant reports, qualitative horizon scans, and static scenario decks.","Audience-specific briefing, evidence sources dashboard, human review, claim consistency validation.",Founder-led relevance review: apply the workflow to one public-policy uncertainty and ask whether the output fits their process.,"This is not a replacement for foresight practice; it is a reviewable workflow layer for evidence, assumptions, and forecast governance.","Public foresight programs, innovation units, and procurement interest in explainable AI workflows.",4,https://www.nist.gov/itl/ai-risk-management-framework; https://www.nist.gov/publications/artificial-intelligence-risk-management-framework-generative-artificial-intelligence
4,"Think tanks, geopolitical research institutes, and analyst programs","Program director, research lead, futures lab lead, analyst team lead",Executive and analyst briefing layer,"Analyst teams need to package evidence, uncertainty, and strategic implications quickly while preserving expert review.",Recurring publication cycles and demand for faster executive-ready briefings.,"Analyst memos, Airtable/Notion workflows, research assistants, and deck production.","Strategist brief panel, provenance dashboard, forecast draft governance, local route proof.",Briefing workflow pilot: turn one research question into a governed executive brief with assumptions and reviewer notes.,"We are testing a workflow that makes expert judgment easier to audit and reuse, without claiming to replace analysts.","Budgets for research operations, publications, partnerships, and sponsored analysis.",4,https://www.bcg.com/publications/2026/crisis-reaction-to-strategic-geopolitical-response; https://www.metaculus.com/futureeval/
5,"Forecasting research, AI evaluation, and model-risk teams","Forecasting evaluation lead, AI evaluation researcher, model risk lead",Governed forecasting and research workflow,"Teams need contamination-aware forecasting protocols, pre-resolution capture, baselines, and reviewer-visible uncertainty.",Rapid progress in AI forecasting benchmarks and pressure to compare models to human/community baselines.,"Custom notebooks, Metaculus/ForecastBench participation, ad hoc benchmark scripts.","Forecast evaluation protocol, calibration ledger, benchmark comparison, leakage review register.",Protocol review: compare the MVP forecast evidence workflow to current benchmark standards and identify pilot scoring gaps.,We are not claiming model skill yet; we are testing a governed evidence pipeline that can support real scoring once outcomes resolve.,"Evaluation budgets, benchmark programs, AI governance pressure, and research partnerships.",4,https://www.forecastbench.org/about/; https://www.forecastbench.org/docs/; https://www.metaculus.com/futureeval/
6,Critical infrastructure operators and resilience teams,"Operational resilience lead, risk manager, critical infrastructure AI governance lead",Enterprise/public-sector strategic decision intelligence,"Operational teams need risk-aware AI workflows with human oversight, incident-aware evidence, and traceable decisions.",NIST critical infrastructure AI profile work and increasing AI governance scrutiny.,"Manual risk registers, incident reports, vendor questionnaires, and control spreadsheets.","AI action policy, RLS policy draft, enterprise trust pack, hosted proof kit.",Governance-readiness review: map one workflow to AI RMF and identify missing controls before any deployment discussion.,"The value is a controlled decision-support pilot, not an autonomous operational AI system.",Regulated risk-management programs and supplier-security review pressure.,4,https://www.nist.gov/itl/ai-risk-management-framework; https://www.nist.gov/publications/artificial-intelligence-risk-management-framework-generative-artificial-intelligence; https://www.cisa.gov/resources-tools/resources/secure-demand-guide
7,"Enterprise AI governance, procurement, and third-party-risk teams","AI governance lead, procurement risk lead, security questionnaire owner",Executive and analyst briefing layer,"AI tools are hard to approve when evidence, human oversight, logs, and claim boundaries are not packaged for procurement.",AI vendor due diligence moves from policy statements to system-specific evidence.,"Manual questionnaires, security review spreadsheets, legal review, and ad hoc evidence collection.","Enterprise trust pack, AI action inventory, claim consistency validation, source freshness report.",Procurement-readiness preview: show the evidence packet and ask which controls would block a pilot.,We are preparing evidence-first AI decision support; your feedback can shape the procurement packet before launch.,"AI governance ownership, third-party risk workflows, and procurement-control budgets.",4,https://www.nist.gov/itl/ai-risk-management-framework; https://www.nist.gov/publications/artificial-intelligence-risk-management-framework-generative-artificial-intelligence; https://www.cisa.gov/resources-tools/resources/secure-demand-guide
8,"Investment research, macro strategy, and policy-intelligence teams","Head of macro research, policy strategy lead, investment research director",Governed forecasting and research workflow,"Research teams need to convert event evidence into explicit assumptions, probabilities, and reviewer-approved decision notes.","Markets repricing geopolitical, rate, policy, and AI uncertainty.","Research portals, analyst notes, Bloomberg/FactSet workflows, spreadsheets, and informal forecast logs.","Forecast registry, evidence sources dashboard, strategist brief, pre-resolution capture kit.",One-macro-question pilot: evidence brief plus forecast assumptions and resolution criteria.,We are testing whether explicit forecast governance improves the handoff from research to investment decision.,"Existing spend on data, research, and risk analytics.",3,https://www.forecastbench.org/about/; https://www.businesswire.com/news/home/20260416122640/en/Geopolitical-Risk-Concerns-Surge-for-Corporate-Treasurers-According-to-2026-Tradeweb-ICD-Portal-Client-Survey
9,Executive education and corporate learning programs,"Executive education director, corporate learning lead, strategy faculty lead",Negotiation and strategic reasoning training,Training programs need applied strategic reasoning exercises with measurable debriefs and modern AI governance caveats.,"Executives need practical decision training for volatility, AI use, and negotiation under uncertainty.","Case studies, workshops, simulation exercises, and coaching programs.","Negotiation Dojo, Game Tree Builder, strategy simulator, pilot outcome measurement kit.",Workshop pilot: one facilitated exercise with debrief rubric and participant feedback capture.,"This is a training pilot around structured reasoning, not a production decision system.","Training budgets, paid executive programs, and custom workshop spend.",3,https://www.bcg.com/publications/2026/crisis-reaction-to-strategic-geopolitical-response; https://www.nist.gov/itl/ai-risk-management-framework
10,"Product, risk, and strategy teams inside AI-first startups","Founder, product strategy lead, model evaluation lead, risk lead",Governed forecasting and research workflow,"AI-first teams need a lightweight way to show reasoning quality, calibration discipline, and human-review controls before enterprise buyers ask.",Need to sell AI products into regulated or enterprise buyers with stronger evidence packaging.,"Internal eval docs, ad hoc prompt logs, manual model comparison, and generic security questionnaires.","Forecast governance, AI action policy, evidence source dashboard, claim consistency validation.",Evidence-pack review: use the MVP workflow to organize one decision-eval story for their own buyer conversation.,We are testing whether governed forecast/evidence workflows help AI teams pass buyer diligence sooner.,Enterprise sales pressure and urgent need for proof artifacts.,3,https://www.forecastbench.org/docs/; https://www.nist.gov/publications/artificial-intelligence-risk-management-framework-generative-artificial-intelligence
